Date,GC=F_open,GC=F_high,GC=F_low,GC=F_close
2025-09-10 04:00:00+00:00,3674.5,3680.800048828125,3674.5,3680.0
2025-09-10 05:00:00+00:00,3679.89990234375,3682.699951171875,3677.60009765625,3680.60009765625
2025-09-10 06:00:00+00:00,3680.39990234375,3685.699951171875,3678.300048828125,3682.0
2025-09-10 07:00:00+00:00,3682.10009765625,3687.199951171875,3679.300048828125,3682.60009765625
2025-09-10 08:00:00+00:00,3682.699951171875,3686.699951171875,3680.699951171875,3684.699951171875
2025-09-10 09:00:00+00:00,3684.5,3694.60009765625,3683.199951171875,3693.60009765625
2025-09-10 10:00:00+00:00,3693.300048828125,3696.60009765625,3690.0,3694.39990234375
2025-09-10 11:00:00+00:00,3694.39990234375,3695.0,3688.0,3688.800048828125
2025-09-10 12:00:00+00:00,3688.699951171875,3697.5,3678.800048828125,3683.199951171875
2025-09-10 13:00:00+00:00,3683.199951171875,3694.39990234375,3681.0,3690.699951171875
2025-09-10 14:00:00+00:00,3690.89990234375,3695.300048828125,3683.300048828125,3687.5
2025-09-10 15:00:00+00:00,3687.5,3688.0,3677.5,3683.699951171875
2025-09-10 16:00:00+00:00,3683.699951171875,3686.300048828125,3679.10009765625,3682.0
2025-09-10 17:00:00+00:00,3682.10009765625,3687.199951171875,3680.89990234375,3686.89990234375
2025-09-10 18:00:00+00:00,3686.800048828125,3689.60009765625,3683.89990234375,3684.89990234375
2025-09-10 19:00:00+00:00,3685.0,3686.0,3674.60009765625,3681.699951171875
2025-09-10 20:00:00+00:00,3681.800048828125,3682.60009765625,3678.0,3680.39990234375
2025-09-10 22:00:00+00:00,3680.60009765625,3683.39990234375,3676.60009765625,3678.699951171875
2025-09-10 23:00:00+00:00,3678.89990234375,3684.10009765625,3677.300048828125,3683.199951171875
2025-09-11 00:00:00+00:00,3683.300048828125,3687.0,3680.89990234375,3682.5
2025-09-11 01:00:00+00:00,3682.39990234375,3687.5,3678.199951171875,3679.199951171875
2025-09-11 02:00:00+00:00,3679.300048828125,3681.699951171875,3671.0,3674.89990234375
2025-09-11 03:00:00+00:00,3674.800048828125,3674.89990234375,3666.5,3669.699951171875
2025-09-11 04:00:00+00:00,3669.800048828125,3672.199951171875,3667.5,3668.300048828125
2025-09-11 05:00:00+00:00,3668.300048828125,3670.10009765625,3661.10009765625,3663.0
2025-09-11 06:00:00+00:00,3662.89990234375,3675.5,3660.60009765625,3670.699951171875
2025-09-11 07:00:00+00:00,3670.89990234375,3671.0,3661.300048828125,3667.60009765625
2025-09-11 08:00:00+00:00,3667.699951171875,3669.5,3663.699951171875,3664.60009765625
2025-09-11 09:00:00+00:00,3664.300048828125,3664.300048828125,3651.800048828125,3659.60009765625
2025-09-11 10:00:00+00:00,3659.800048828125,3663.5,3657.60009765625,3659.89990234375
2025-09-11 11:00:00+00:00,3659.800048828125,3660.199951171875,3652.800048828125,3654.89990234375
2025-09-11 12:00:00+00:00,3654.89990234375,3682.0,3651.0,3666.60009765625
2025-09-11 13:00:00+00:00,3666.800048828125,3675.39990234375,3655.5,3667.89990234375
2025-09-11 14:00:00+00:00,3667.699951171875,3676.5,3663.60009765625,3668.0
2025-09-11 15:00:00+00:00,3668.199951171875,3677.10009765625,3668.199951171875,3672.0
2025-09-11 16:00:00+00:00,3671.89990234375,3680.60009765625,3671.699951171875,3674.199951171875
2025-09-11 17:00:00+00:00,3674.39990234375,3675.39990234375,3670.0,3673.10009765625
2025-09-11 18:00:00+00:00,3673.0,3675.300048828125,3669.300048828125,3671.39990234375
2025-09-11 19:00:00+00:00,3671.39990234375,3676.699951171875,3671.199951171875,3675.39990234375
2025-09-11 20:00:00+00:00,3675.300048828125,3676.300048828125,3672.10009765625,3673.39990234375
2025-09-11 22:00:00+00:00,3672.800048828125,3676.60009765625,3671.199951171875,3672.89990234375
2025-09-11 23:00:00+00:00,3672.89990234375,3674.199951171875,3669.0,3669.199951171875
2025-09-12 00:00:00+00:00,3669.199951171875,3674.89990234375,3667.300048828125,3673.800048828125
2025-09-12 01:00:00+00:00,3674.0,3686.300048828125,3673.89990234375,3685.0
2025-09-12 02:00:00+00:00,3685.0,3690.10009765625,3683.39990234375,3688.699951171875
2025-09-12 03:00:00+00:00,3688.60009765625,3692.39990234375,3687.0,3691.800048828125
2025-09-12 04:00:00+00:00,3692.0,3695.0,3690.5,3693.5
2025-09-12 05:00:00+00:00,3693.5,3695.5,3690.89990234375,3691.89990234375
2025-09-12 06:00:00+00:00,3691.800048828125,3692.60009765625,3687.199951171875,3689.300048828125
2025-09-12 07:00:00+00:00,3689.10009765625,3691.800048828125,3685.699951171875,3686.300048828125
2025-09-12 08:00:00+00:00,3686.300048828125,3689.5,3677.300048828125,3678.699951171875
2025-09-12 09:00:00+00:00,3678.60009765625,3685.0,3675.300048828125,3684.5
2025-09-12 10:00:00+00:00,3684.39990234375,3690.39990234375,3684.199951171875,3689.5
2025-09-12 11:00:00+00:00,3689.300048828125,3690.300048828125,3684.39990234375,3684.60009765625
2025-09-12 12:00:00+00:00,3684.699951171875,3686.699951171875,3675.5,3683.5
2025-09-12 13:00:00+00:00,3683.60009765625,3690.699951171875,3681.300048828125,3688.199951171875
2025-09-12 14:00:00+00:00,3688.199951171875,3692.699951171875,3684.800048828125,3686.10009765625
2025-09-12 15:00:00+00:00,3686.0,3686.300048828125,3679.699951171875,3682.300048828125
2025-09-12 16:00:00+00:00,3682.300048828125,3688.39990234375,3680.5,3687.800048828125
2025-09-12 17:00:00+00:00,3687.699951171875,3689.5,3686.0,3687.300048828125
2025-09-12 18:00:00+00:00,3687.39990234375,3687.699951171875,3685.5,3686.89990234375
2025-09-12 19:00:00+00:00,3686.89990234375,3686.89990234375,3681.800048828125,3682.699951171875
2025-09-12 20:00:00+00:00,3682.699951171875,3683.800048828125,3679.300048828125,3680.699951171875
2025-09-14 22:00:00+00:00,3680.199951171875,3686.39990234375,3677.199951171875,3679.699951171875
2025-09-14 23:00:00+00:00,3679.5,3679.60009765625,3673.60009765625,3675.199951171875
2025-09-15 00:00:00+00:00,3675.0,3679.5,3669.10009765625,3670.60009765625
2025-09-15 01:00:00+00:00,3670.699951171875,3672.199951171875,3662.800048828125,3671.89990234375
2025-09-15 02:00:00+00:00,3672.0,3681.800048828125,3671.5,3677.60009765625
2025-09-15 03:00:00+00:00,3677.699951171875,3683.800048828125,3676.89990234375,3683.199951171875
2025-09-15 04:00:00+00:00,3683.699951171875,3684.300048828125,3680.89990234375,3682.800048828125
2025-09-15 05:00:00+00:00,3682.89990234375,3683.699951171875,3679.699951171875,3681.10009765625
2025-09-15 06:00:00+00:00,3681.10009765625,3681.199951171875,3674.300048828125,3674.300048828125
2025-09-15 07:00:00+00:00,3674.300048828125,3681.89990234375,3671.5,3680.699951171875
2025-09-15 08:00:00+00:00,3680.699951171875,3682.699951171875,3677.5,3682.39990234375
2025-09-15 09:00:00+00:00,3682.39990234375,3682.800048828125,3673.39990234375,3678.300048828125
2025-09-15 10:00:00+00:00,3678.5,3683.39990234375,3675.5,3676.5
2025-09-15 11:00:00+00:00,3676.699951171875,3683.199951171875,3675.800048828125,3679.60009765625
2025-09-15 12:00:00+00:00,3679.699951171875,3688.39990234375,3673.699951171875,3687.60009765625
2025-09-15 13:00:00+00:00,3687.60009765625,3701.699951171875,3684.0,3694.800048828125
2025-09-15 14:00:00+00:00,3694.800048828125,3701.800048828125,3691.199951171875,3701.300048828125
2025-09-15 15:00:00+00:00,3701.5,3722.199951171875,3700.800048828125,3720.39990234375
2025-09-15 16:00:00+00:00,3720.5,3724.89990234375,3713.60009765625,3718.10009765625
2025-09-15 17:00:00+00:00,3718.199951171875,3721.800048828125,3717.800048828125,3721.300048828125
2025-09-15 18:00:00+00:00,3721.60009765625,3721.800048828125,3715.0,3716.300048828125
2025-09-15 19:00:00+00:00,3716.39990234375,3721.89990234375,3716.10009765625,3720.199951171875
2025-09-15 20:00:00+00:00,3720.199951171875,3721.699951171875,3718.5,3719.5
2025-09-15 22:00:00+00:00,3720.300048828125,3721.10009765625,3715.5,3717.800048828125
2025-09-16 00:00:00+00:00,3723.60009765625,3725.800048828125,3722.39990234375,3725.39990234375
2025-09-16 01:00:00+00:00,3725.39990234375,3728.39990234375,3715.60009765625,3717.699951171875
2025-09-16 02:00:00+00:00,3717.60009765625,3720.89990234375,3711.800048828125,3714.89990234375
2025-09-16 03:00:00+00:00,3714.89990234375,3720.300048828125,3714.199951171875,3718.10009765625
2025-09-16 04:00:00+00:00,3718.5,3721.300048828125,3717.10009765625,3721.10009765625
2025-09-16 05:00:00+00:00,3720.5,3721.5,3717.199951171875,3720.0
2025-09-16 06:00:00+00:00,3720.10009765625,3731.60009765625,3719.39990234375,3730.800048828125
2025-09-16 07:00:00+00:00,3730.699951171875,3731.89990234375,3725.0,3726.199951171875
2025-09-16 08:00:00+00:00,3733.5,3733.699951171875,3730.699951171875,3731.699951171875
2025-09-16 09:00:00+00:00,3731.699951171875,3737.10009765625,3730.699951171875,3736.300048828125
2025-09-16 10:00:00+00:00,3736.199951171875,3736.800048828125,3730.60009765625,3731.0
2025-09-16 11:00:00+00:00,3731.0,3737.60009765625,3728.699951171875,3734.5
2025-09-16 12:00:00+00:00,3734.60009765625,3734.800048828125,3724.10009765625,3726.60009765625
2025-09-16 13:00:00+00:00,3726.699951171875,3735.89990234375,3722.10009765625,3733.0
2025-09-16 14:00:00+00:00,3732.800048828125,3739.89990234375,3722.0,3722.300048828125
2025-09-16 15:00:00+00:00,3722.699951171875,3725.89990234375,3715.199951171875,3723.0
2025-09-16 16:00:00+00:00,3723.0,3728.39990234375,3721.300048828125,3726.89990234375
2025-09-16 17:00:00+00:00,3727.0,3728.10009765625,3722.39990234375,3723.800048828125
2025-09-16 18:00:00+00:00,3723.699951171875,3727.0,3722.5,3726.699951171875
2025-09-16 19:00:00+00:00,3726.699951171875,3727.60009765625,3724.0,3726.60009765625
2025-09-16 20:00:00+00:00,3726.800048828125,3731.300048828125,3726.60009765625,3727.5
2025-09-16 22:00:00+00:00,3727.300048828125,3730.300048828125,3726.39990234375,3729.0
2025-09-16 23:00:00+00:00,3729.199951171875,3732.800048828125,3729.10009765625,3731.699951171875
2025-09-17 00:00:00+00:00,3731.89990234375,3732.800048828125,3727.800048828125,3728.10009765625
2025-09-17 01:00:00+00:00,3728.10009765625,3728.89990234375,3712.39990234375,3716.699951171875
2025-09-17 02:00:00+00:00,3716.60009765625,3720.89990234375,3710.699951171875,3718.800048828125
2025-09-17 03:00:00+00:00,3718.89990234375,3720.199951171875,3716.5,3718.199951171875
2025-09-17 04:00:00+00:00,3718.5,3719.10009765625,3716.800048828125,3717.10009765625
2025-09-17 05:00:00+00:00,3717.199951171875,3722.699951171875,3713.0,3716.39990234375
2025-09-17 06:00:00+00:00,3716.60009765625,3717.39990234375,3707.699951171875,3711.800048828125
2025-09-17 07:00:00+00:00,3711.699951171875,3714.300048828125,3702.800048828125,3703.699951171875
2025-09-17 08:00:00+00:00,3703.699951171875,3704.199951171875,3698.60009765625,3701.0
2025-09-17 09:00:00+00:00,3700.800048828125,3707.10009765625,3699.800048828125,3703.89990234375
2025-09-17 10:00:00+00:00,3703.800048828125,3706.0,3695.60009765625,3697.0
2025-09-17 11:00:00+00:00,3696.89990234375,3705.5,3695.39990234375,3701.199951171875
2025-09-17 12:00:00+00:00,3701.39990234375,3714.5,3701.0,3713.89990234375
2025-09-17 13:00:00+00:00,3714.0,3718.60009765625,3707.60009765625,3714.199951171875
2025-09-17 14:00:00+00:00,3714.10009765625,3721.199951171875,3712.199951171875,3719.300048828125
2025-09-17 15:00:00+00:00,3719.199951171875,3722.0,3717.300048828125,3718.60009765625
2025-09-17 16:00:00+00:00,3718.800048828125,3724.39990234375,3718.699951171875,3720.39990234375
2025-09-17 17:00:00+00:00,3720.39990234375,3723.0,3713.89990234375,3722.300048828125
2025-09-17 18:00:00+00:00,3722.39990234375,3744.0,3679.5,3685.89990234375
2025-09-17 19:00:00+00:00,3685.800048828125,3702.800048828125,3681.0,3696.199951171875
2025-09-17 20:00:00+00:00,3696.199951171875,3696.300048828125,3690.699951171875,3694.60009765625
2025-09-17 22:00:00+00:00,3692.5,3698.39990234375,3688.199951171875,3695.800048828125
2025-09-17 23:00:00+00:00,3695.60009765625,3705.60009765625,3694.800048828125,3703.0
2025-09-18 00:00:00+00:00,3703.5,3703.89990234375,3692.10009765625,3699.60009765625
2025-09-18 01:00:00+00:00,3699.5,3703.60009765625,3686.60009765625,3692.60009765625
2025-09-18 02:00:00+00:00,3692.699951171875,3700.300048828125,3691.10009765625,3699.199951171875
2025-09-18 03:00:00+00:00,3699.10009765625,3700.60009765625,3692.10009765625,3693.0
2025-09-18 04:00:00+00:00,3693.0,3693.699951171875,3688.0,3688.300048828125
2025-09-18 05:00:00+00:00,3688.39990234375,3693.800048828125,3683.10009765625,3685.300048828125
2025-09-18 06:00:00+00:00,3685.39990234375,3685.60009765625,3667.300048828125,3670.89990234375
2025-09-18 07:00:00+00:00,3671.0,3693.699951171875,3668.800048828125,3692.5
2025-09-18 08:00:00+00:00,3692.39990234375,3700.39990234375,3687.699951171875,3700.199951171875
2025-09-18 09:00:00+00:00,3700.0,3707.300048828125,3699.0,3706.39990234375
2025-09-18 10:00:00+00:00,3706.199951171875,3707.10009765625,3699.800048828125,3701.199951171875
2025-09-18 11:00:00+00:00,3701.300048828125,3704.89990234375,3698.10009765625,3700.699951171875
2025-09-18 12:00:00+00:00,3700.89990234375,3706.39990234375,3696.39990234375,3696.89990234375
2025-09-18 13:00:00+00:00,3696.89990234375,3697.800048828125,3660.5,3675.39990234375
2025-09-18 14:00:00+00:00,3675.300048828125,3679.800048828125,3667.5,3671.800048828125
2025-09-18 15:00:00+00:00,3672.0,3675.699951171875,3669.800048828125,3674.5
2025-09-18 16:00:00+00:00,3674.60009765625,3680.699951171875,3674.0,3679.199951171875
2025-09-18 17:00:00+00:00,3679.300048828125,3680.0,3676.300048828125,3676.60009765625
2025-09-18 18:00:00+00:00,3676.699951171875,3676.800048828125,3673.60009765625,3674.60009765625
2025-09-18 19:00:00+00:00,3674.5,3680.0,3673.699951171875,3679.699951171875
2025-09-18 20:00:00+00:00,3679.699951171875,3680.39990234375,3677.300048828125,3678.199951171875
2025-09-18 22:00:00+00:00,3677.699951171875,3678.199951171875,3672.60009765625,3673.60009765625
2025-09-18 23:00:00+00:00,3673.39990234375,3674.89990234375,3670.39990234375,3672.800048828125
2025-09-19 00:00:00+00:00,3673.0,3675.39990234375,3668.5,3672.699951171875
2025-09-19 01:00:00+00:00,3672.60009765625,3684.300048828125,3664.39990234375,3672.199951171875
2025-09-19 02:00:00+00:00,3672.199951171875,3683.300048828125,3671.199951171875,3680.5
2025-09-19 03:00:00+00:00,3680.60009765625,3689.60009765625,3678.300048828125,3686.60009765625
2025-09-19 04:00:00+00:00,3686.800048828125,3692.800048828125,3686.800048828125,3691.5
2025-09-19 05:00:00+00:00,3691.5,3694.10009765625,3684.699951171875,3685.60009765625
2025-09-19 06:00:00+00:00,3685.60009765625,3687.199951171875,3675.89990234375,3679.699951171875
2025-09-19 07:00:00+00:00,3679.800048828125,3689.300048828125,3676.89990234375,3686.0
2025-09-19 08:00:00+00:00,3685.699951171875,3689.199951171875,3681.800048828125,3688.199951171875
2025-09-19 09:00:00+00:00,3688.300048828125,3691.39990234375,3687.5,3691.199951171875
2025-09-19 10:00:00+00:00,3691.300048828125,3691.89990234375,3687.5,3688.5
2025-09-19 11:00:00+00:00,3688.5,3688.5,3677.5,3680.5
2025-09-19 12:00:00+00:00,3680.5,3684.300048828125,3676.5,3681.699951171875
2025-09-19 13:00:00+00:00,3681.5,3697.300048828125,3676.199951171875,3696.10009765625
2025-09-19 14:00:00+00:00,3696.199951171875,3703.0,3688.89990234375,3700.800048828125
2025-09-19 15:00:00+00:00,3700.89990234375,3709.5,3699.0,3704.199951171875
2025-09-19 16:00:00+00:00,3704.10009765625,3706.699951171875,3699.800048828125,3702.39990234375
2025-09-19 17:00:00+00:00,3702.199951171875,3713.89990234375,3702.199951171875,3713.0
2025-09-19 18:00:00+00:00,3713.10009765625,3718.39990234375,3712.699951171875,3717.699951171875
2025-09-19 19:00:00+00:00,3717.89990234375,3718.800048828125,3715.10009765625,3717.89990234375
2025-09-19 20:00:00+00:00,3717.800048828125,3719.60009765625,3705.800048828125,3705.800048828125
2025-09-21 22:00:00+00:00,3721.300048828125,3727.39990234375,3705.800048828125,3723.800048828125
2025-09-21 23:00:00+00:00,3723.800048828125,3726.10009765625,3721.10009765625,3721.60009765625
2025-09-22 00:00:00+00:00,3721.39990234375,3726.10009765625,3720.60009765625,3725.89990234375
2025-09-22 01:00:00+00:00,3725.800048828125,3732.5,3721.5,3724.300048828125
2025-09-22 02:00:00+00:00,3724.0,3728.39990234375,3720.5,3721.39990234375
2025-09-22 03:00:00+00:00,3721.199951171875,3733.10009765625,3721.0,3730.89990234375
2025-09-22 04:00:00+00:00,3730.800048828125,3731.5,3725.5,3727.5
2025-09-22 05:00:00+00:00,3727.39990234375,3735.800048828125,3727.10009765625,3732.5
2025-09-22 06:00:00+00:00,3732.5,3753.39990234375,3730.89990234375,3749.10009765625
2025-09-22 07:00:00+00:00,3749.10009765625,3751.0,3742.89990234375,3747.5
2025-09-22 08:00:00+00:00,3747.39990234375,3756.800048828125,3746.60009765625,3754.60009765625
2025-09-22 09:00:00+00:00,3754.60009765625,3761.199951171875,3753.699951171875,3757.89990234375
2025-09-22 10:00:00+00:00,3757.89990234375,3763.10009765625,3755.39990234375,3762.0
2025-09-22 11:00:00+00:00,3761.89990234375,3762.699951171875,3755.10009765625,3758.800048828125
2025-09-22 12:00:00+00:00,3758.89990234375,3759.5,3746.0,3755.5
2025-09-22 13:00:00+00:00,3755.60009765625,3759.0,3747.10009765625,3756.39990234375
2025-09-22 14:00:00+00:00,3756.199951171875,3761.0,3750.699951171875,3760.199951171875
2025-09-22 15:00:00+00:00,3760.0,3770.300048828125,3758.0,3769.89990234375
2025-09-22 16:00:00+00:00,3769.89990234375,3773.699951171875,3769.199951171875,3771.10009765625
2025-09-22 17:00:00+00:00,3771.199951171875,3782.0,3771.199951171875,3781.39990234375
2025-09-22 18:00:00+00:00,3781.39990234375,3782.60009765625,3779.199951171875,3782.10009765625
2025-09-22 19:00:00+00:00,3782.10009765625,3783.199951171875,3777.10009765625,3781.199951171875
2025-09-22 20:00:00+00:00,3781.199951171875,3783.300048828125,3779.89990234375,3781.199951171875
2025-09-22 22:00:00+00:00,3781.199951171875,3782.10009765625,3773.5,3775.5
2025-09-22 23:00:00+00:00,3775.5,3784.199951171875,3774.300048828125,3782.199951171875
2025-09-23 00:00:00+00:00,3782.199951171875,3785.199951171875,3779.60009765625,3781.5
2025-09-23 01:00:00+00:00,3781.699951171875,3795.10009765625,3779.800048828125,3790.39990234375
2025-09-23 02:00:00+00:00,3790.300048828125,3791.199951171875,3772.39990234375,3777.800048828125
2025-09-23 03:00:00+00:00,3777.699951171875,3781.60009765625,3774.300048828125,3780.60009765625
2025-09-23 04:00:00+00:00,3780.89990234375,3781.89990234375,3777.39990234375,3778.800048828125
2025-09-23 05:00:00+00:00,3778.699951171875,3793.0,3777.39990234375,3787.199951171875
2025-09-23 06:00:00+00:00,3787.300048828125,3791.800048828125,3785.199951171875,3788.10009765625
2025-09-23 07:00:00+00:00,3787.800048828125,3791.199951171875,3782.800048828125,3787.60009765625
2025-09-23 08:00:00+00:00,3787.60009765625,3809.60009765625,3786.800048828125,3808.60009765625
2025-09-23 09:00:00+00:00,3808.5,3824.60009765625,3808.300048828125,3818.39990234375
2025-09-23 10:00:00+00:00,3818.60009765625,3821.699951171875,3814.39990234375,3816.39990234375
2025-09-23 11:00:00+00:00,3816.5,3822.300048828125,3812.800048828125,3816.5
2025-09-23 12:00:00+00:00,3816.60009765625,3818.699951171875,3810.10009765625,3817.60009765625
2025-09-23 13:00:00+00:00,3817.5,3821.60009765625,3806.60009765625,3816.39990234375
2025-09-23 14:00:00+00:00,3816.300048828125,3817.300048828125,3799.0,3806.39990234375
2025-09-23 15:00:00+00:00,3806.5,3814.199951171875,3805.10009765625,3811.5
2025-09-23 16:00:00+00:00,3811.699951171875,3815.300048828125,3796.60009765625,3812.300048828125
2025-09-23 17:00:00+00:00,3812.5,3819.0,3808.199951171875,3810.0
2025-09-23 18:00:00+00:00,3810.10009765625,3813.60009765625,3788.39990234375,3789.0
2025-09-23 19:00:00+00:00,3789.0,3800.60009765625,3783.89990234375,3796.39990234375
2025-09-23 20:00:00+00:00,3796.60009765625,3799.800048828125,3794.60009765625,3796.89990234375
2025-09-23 22:00:00+00:00,3796.89990234375,3799.39990234375,3793.800048828125,3797.699951171875
2025-09-23 23:00:00+00:00,3797.60009765625,3802.60009765625,3793.800048828125,3796.10009765625
2025-09-24 00:00:00+00:00,3795.800048828125,3797.800048828125,3791.199951171875,3797.5
2025-09-24 01:00:00+00:00,3797.5,3803.60009765625,3787.199951171875,3789.0
2025-09-24 02:00:00+00:00,3788.800048828125,3792.300048828125,3783.0,3790.10009765625
2025-09-24 03:00:00+00:00,3790.10009765625,3799.300048828125,3785.39990234375,3799.10009765625
2025-09-24 04:00:00+00:00,3798.39990234375,3800.699951171875,3795.39990234375,3800.60009765625
2025-09-24 05:00:00+00:00,3800.60009765625,3809.5,3800.10009765625,3808.0
2025-09-24 06:00:00+00:00,3808.0,3809.300048828125,3801.89990234375,3804.39990234375
2025-09-24 07:00:00+00:00,3804.39990234375,3812.60009765625,3803.699951171875,3810.89990234375
2025-09-24 08:00:00+00:00,3810.89990234375,3811.300048828125,3799.699951171875,3802.699951171875
2025-09-24 09:00:00+00:00,3802.5,3804.300048828125,3795.89990234375,3801.39990234375
2025-09-24 10:00:00+00:00,3801.39990234375,3801.699951171875,3792.39990234375,3795.0
2025-09-24 11:00:00+00:00,3795.10009765625,3802.89990234375,3792.5,3802.300048828125
2025-09-24 12:00:00+00:00,3802.199951171875,3804.699951171875,3796.800048828125,3801.0
2025-09-24 13:00:00+00:00,3800.89990234375,3806.39990234375,3791.800048828125,3794.5
2025-09-24 14:00:00+00:00,3794.699951171875,3798.39990234375,3782.0,3784.800048828125
2025-09-24 15:00:00+00:00,3784.89990234375,3790.0,3772.60009765625,3774.10009765625
2025-09-24 16:00:00+00:00,3774.199951171875,3778.39990234375,3764.5,3768.300048828125
2025-09-24 17:00:00+00:00,3768.39990234375,3772.39990234375,3765.699951171875,3766.60009765625
2025-09-24 18:00:00+00:00,3766.60009765625,3767.5,3755.60009765625,3757.0
2025-09-24 19:00:00+00:00,3757.10009765625,3764.0,3749.699951171875,3762.5
2025-09-24 20:00:00+00:00,3762.39990234375,3770.0,3762.300048828125,3768.5
2025-09-24 22:00:00+00:00,3768.300048828125,3776.60009765625,3767.0,3772.699951171875
2025-09-24 23:00:00+00:00,3772.5,3776.699951171875,3770.5,3774.5
2025-09-25 00:00:00+00:00,3774.300048828125,3782.199951171875,3772.800048828125,3779.800048828125
2025-09-25 01:00:00+00:00,3779.699951171875,3781.39990234375,3763.89990234375,3766.800048828125
2025-09-25 02:00:00+00:00,3766.60009765625,3773.10009765625,3760.5,3770.300048828125
2025-09-25 03:00:00+00:00,3770.300048828125,3770.39990234375,3764.699951171875,3767.0
2025-09-25 04:00:00+00:00,3767.199951171875,3770.699951171875,3762.199951171875,3768.10009765625
2025-09-25 05:00:00+00:00,3768.10009765625,3771.39990234375,3764.10009765625,3768.800048828125
2025-09-25 06:00:00+00:00,3769.199951171875,3778.699951171875,3768.199951171875,3771.699951171875
2025-09-25 07:00:00+00:00,3771.800048828125,3785.60009765625,3770.5,3782.5
2025-09-25 08:00:00+00:00,3782.60009765625,3792.300048828125,3781.300048828125,3786.699951171875
2025-09-25 09:00:00+00:00,3786.699951171875,3791.5,3780.10009765625,3787.10009765625
2025-09-25 10:00:00+00:00,3787.10009765625,3791.699951171875,3785.800048828125,3788.199951171875
2025-09-25 11:00:00+00:00,3788.199951171875,3788.5,3771.0,3784.0
2025-09-25 12:00:00+00:00,3783.699951171875,3787.0,3760.800048828125,3769.199951171875
2025-09-25 13:00:00+00:00,3769.199951171875,3776.199951171875,3751.89990234375,3764.0
2025-09-25 14:00:00+00:00,3764.10009765625,3767.0,3753.39990234375,3762.199951171875
2025-09-25 15:00:00+00:00,3762.39990234375,3769.39990234375,3758.60009765625,3766.89990234375
2025-09-25 16:00:00+00:00,3766.89990234375,3772.800048828125,3762.800048828125,3764.0
2025-09-25 17:00:00+00:00,3763.89990234375,3775.60009765625,3762.5,3772.89990234375
2025-09-25 18:00:00+00:00,3773.0,3789.5,3767.5,3786.39990234375
2025-09-25 19:00:00+00:00,3786.39990234375,3788.199951171875,3776.0,3777.5
2025-09-25 20:00:00+00:00,3777.5,3783.89990234375,3776.89990234375,3780.5
2025-09-25 22:00:00+00:00,3781.5,3782.39990234375,3777.199951171875,3779.60009765625
2025-09-25 23:00:00+00:00,3779.89990234375,3780.89990234375,3768.5,3775.0
2025-09-26 00:00:00+00:00,3775.0,3779.300048828125,3770.0,3779.199951171875
2025-09-26 01:00:00+00:00,3779.300048828125,3783.5,3767.300048828125,3768.60009765625
2025-09-26 02:00:00+00:00,3768.39990234375,3772.5,3767.10009765625,3767.800048828125
2025-09-26 03:00:00+00:00,3767.800048828125,3775.5,3764.0,3775.39990234375
2025-09-26 04:00:00+00:00,3775.10009765625,3777.199951171875,3774.0,3777.10009765625
2025-09-26 05:00:00+00:00,3777.0,3779.39990234375,3771.300048828125,3771.60009765625
2025-09-26 06:00:00+00:00,3771.300048828125,3784.39990234375,3771.0,3773.300048828125
2025-09-26 07:00:00+00:00,3773.199951171875,3779.199951171875,3768.800048828125,3777.89990234375
2025-09-26 08:00:00+00:00,3777.89990234375,3784.89990234375,3776.800048828125,3782.60009765625
2025-09-26 09:00:00+00:00,3782.5,3784.10009765625,3776.89990234375,3781.5
2025-09-26 10:00:00+00:00,3781.300048828125,3785.199951171875,3772.800048828125,3774.89990234375
2025-09-26 11:00:00+00:00,3775.0,3783.10009765625,3774.5,3778.699951171875
2025-09-26 12:00:00+00:00,3778.800048828125,3788.0,3776.39990234375,3782.300048828125
2025-09-26 13:00:00+00:00,3782.300048828125,3797.199951171875,3781.199951171875,3792.39990234375
2025-09-26 14:00:00+00:00,3792.199951171875,3814.39990234375,3791.800048828125,3808.60009765625
2025-09-26 15:00:00+00:00,3808.5,3811.300048828125,3802.39990234375,3810.39990234375
2025-09-26 16:00:00+00:00,3810.39990234375,3811.199951171875,3801.0,3804.10009765625
2025-09-26 17:00:00+00:00,3804.5,3813.199951171875,3803.800048828125,3812.800048828125
2025-09-26 18:00:00+00:00,3813.0,3813.300048828125,3804.39990234375,3808.60009765625
2025-09-26 19:00:00+00:00,3808.60009765625,3808.800048828125,3793.60009765625,3795.800048828125
2025-09-26 20:00:00+00:00,3796.0,3809.0,3789.0,3809.0
2025-09-28 22:00:00+00:00,3796.800048828125,3800.5,3794.89990234375,3800.10009765625
2025-09-28 23:00:00+00:00,3800.0,3801.60009765625,3795.10009765625,3795.89990234375
2025-09-29 00:00:00+00:00,3795.800048828125,3816.39990234375,3792.89990234375,3816.10009765625
2025-09-29 01:00:00+00:00,3816.0,3817.699951171875,3796.199951171875,3808.0
2025-09-29 02:00:00+00:00,3807.800048828125,3827.800048828125,3806.300048828125,3822.10009765625
2025-09-29 03:00:00+00:00,3822.300048828125,3828.5,3821.5,3823.5
2025-09-29 04:00:00+00:00,3824.0,3837.800048828125,3822.10009765625,3833.60009765625
2025-09-29 05:00:00+00:00,3833.800048828125,3842.800048828125,3830.39990234375,3841.800048828125
2025-09-29 06:00:00+00:00,3842.0,3848.800048828125,3839.60009765625,3846.5
2025-09-29 07:00:00+00:00,3846.39990234375,3849.0,3834.39990234375,3836.10009765625
2025-09-29 08:00:00+00:00,3836.199951171875,3849.300048828125,3836.199951171875,3848.5
2025-09-29 09:00:00+00:00,3848.5,3849.39990234375,3837.0,3837.5
2025-09-29 10:00:00+00:00,3837.699951171875,3848.699951171875,3836.5,3847.699951171875
2025-09-29 11:00:00+00:00,3847.5,3860.60009765625,3846.199951171875,3858.199951171875
2025-09-29 12:00:00+00:00,3858.10009765625,3859.699951171875,3841.300048828125,3843.5
2025-09-29 13:00:00+00:00,3843.699951171875,3857.699951171875,3838.60009765625,3850.699951171875
2025-09-29 14:00:00+00:00,3850.60009765625,3859.89990234375,3845.699951171875,3857.10009765625
2025-09-29 15:00:00+00:00,3857.199951171875,3862.199951171875,3849.5,3859.300048828125
2025-09-29 16:00:00+00:00,3859.199951171875,3862.199951171875,3856.89990234375,3858.89990234375
2025-09-29 17:00:00+00:00,3859.0,3861.60009765625,3852.699951171875,3857.60009765625
2025-09-29 18:00:00+00:00,3857.800048828125,3859.800048828125,3852.0,3853.199951171875
2025-09-29 19:00:00+00:00,3853.300048828125,3858.39990234375,3850.89990234375,3857.10009765625
2025-09-29 20:00:00+00:00,3857.0,3863.699951171875,3856.0,3862.89990234375
2025-09-29 22:00:00+00:00,3863.10009765625,3863.199951171875,3854.39990234375,3859.10009765625
2025-09-29 23:00:00+00:00,3859.10009765625,3861.89990234375,3856.5,3861.10009765625
2025-09-30 00:00:00+00:00,3861.199951171875,3869.0,3859.5,3867.39990234375
2025-09-30 01:00:00+00:00,3867.5,3880.0,3866.199951171875,3877.199951171875
2025-09-30 02:00:00+00:00,3877.199951171875,3880.89990234375,3871.0,3876.5
2025-09-30 03:00:00+00:00,3876.60009765625,3895.5,3874.300048828125,3893.300048828125
2025-09-30 04:00:00+00:00,3892.800048828125,3894.89990234375,3890.10009765625,3894.89990234375
2025-09-30 05:00:00+00:00,3894.89990234375,3898.10009765625,3890.199951171875,3897.5
2025-09-30 06:00:00+00:00,3897.39990234375,3899.199951171875,3882.699951171875,3883.89990234375
2025-09-30 07:00:00+00:00,3883.800048828125,3887.89990234375,3867.89990234375,3872.199951171875
2025-09-30 08:00:00+00:00,3872.0,3875.60009765625,3835.39990234375,3843.800048828125
2025-09-30 09:00:00+00:00,3843.699951171875,3848.800048828125,3820.60009765625,3826.300048828125
2025-09-30 10:00:00+00:00,3825.800048828125,3842.199951171875,3825.800048828125,3839.39990234375
2025-09-30 11:00:00+00:00,3839.39990234375,3845.300048828125,3831.699951171875,3842.60009765625
2025-09-30 12:00:00+00:00,3842.39990234375,3850.0,3836.5,3847.5
2025-09-30 13:00:00+00:00,3847.800048828125,3858.60009765625,3839.699951171875,3852.39990234375
2025-09-30 14:00:00+00:00,3852.0,3882.300048828125,3848.699951171875,3881.699951171875
2025-09-30 15:00:00+00:00,3881.699951171875,3881.89990234375,3858.699951171875,3866.300048828125
2025-09-30 16:00:00+00:00,3866.800048828125,3875.60009765625,3865.699951171875,3873.800048828125
2025-09-30 17:00:00+00:00,3873.800048828125,3877.199951171875,3870.699951171875,3872.199951171875
2025-09-30 18:00:00+00:00,3872.5,3877.10009765625,3867.199951171875,3876.0
2025-09-30 19:00:00+00:00,3876.0,3888.699951171875,3875.199951171875,3886.699951171875
2025-09-30 20:00:00+00:00,3886.800048828125,3888.800048828125,3878.699951171875,3887.60009765625
2025-09-30 22:00:00+00:00,3887.699951171875,3889.699951171875,3882.39990234375,3888.199951171875
2025-09-30 23:00:00+00:00,3888.300048828125,3890.800048828125,3888.10009765625,3890.60009765625
2025-10-01 00:00:00+00:00,3890.60009765625,3892.5,3885.89990234375,3888.300048828125
2025-10-01 01:00:00+00:00,3888.10009765625,3896.5,3887.0,3896.5
2025-10-01 02:00:00+00:00,3896.39990234375,3904.10009765625,3885.5,3891.300048828125
2025-10-01 03:00:00+00:00,3891.0,3894.300048828125,3883.5,3889.699951171875
2025-10-01 04:00:00+00:00,3889.5,3892.800048828125,3885.300048828125,3892.60009765625
2025-10-01 05:00:00+00:00,3892.39990234375,3897.0,3889.39990234375,3890.800048828125
2025-10-01 06:00:00+00:00,3890.699951171875,3892.699951171875,3880.300048828125,3887.10009765625
2025-10-01 07:00:00+00:00,3886.89990234375,3908.300048828125,3886.60009765625,3907.199951171875
2025-10-01 08:00:00+00:00,3907.39990234375,3922.699951171875,3907.0,3920.10009765625
2025-10-01 09:00:00+00:00,3920.199951171875,3922.39990234375,3911.300048828125,3916.800048828125
2025-10-01 10:00:00+00:00,3917.0,3917.39990234375,3912.699951171875,3914.699951171875
2025-10-01 11:00:00+00:00,3915.10009765625,3915.89990234375,3905.39990234375,3911.10009765625
2025-10-01 12:00:00+00:00,3911.199951171875,3918.800048828125,3891.300048828125,3897.5
2025-10-01 13:00:00+00:00,3897.300048828125,3904.10009765625,3890.699951171875,3899.800048828125
2025-10-01 14:00:00+00:00,3899.300048828125,3906.199951171875,3882.800048828125,3899.89990234375
2025-10-01 15:00:00+00:00,3899.800048828125,3903.800048828125,3884.60009765625,3895.10009765625
2025-10-01 16:00:00+00:00,3895.0,3898.199951171875,3887.300048828125,3897.60009765625
2025-10-01 17:00:00+00:00,3897.699951171875,3898.5,3887.300048828125,3887.39990234375
2025-10-01 18:00:00+00:00,3887.60009765625,3893.10009765625,3881.39990234375,3888.699951171875
2025-10-01 19:00:00+00:00,3888.800048828125,3897.60009765625,3887.800048828125,3894.300048828125
2025-10-01 20:00:00+00:00,3894.300048828125,3894.39990234375,3886.5,3892.60009765625
2025-10-01 22:00:00+00:00,3892.699951171875,3895.699951171875,3884.10009765625,3887.5
2025-10-01 23:00:00+00:00,3887.39990234375,3892.300048828125,3882.89990234375,3888.89990234375
2025-10-02 00:00:00+00:00,3888.699951171875,3889.199951171875,3881.5,3881.699951171875
2025-10-02 01:00:00+00:00,3881.5,3890.0,3877.0,3889.89990234375
2025-10-02 02:00:00+00:00,3889.89990234375,3895.199951171875,3886.5,3891.10009765625
2025-10-02 03:00:00+00:00,3890.800048828125,3894.39990234375,3888.800048828125,3891.5
2025-10-02 04:00:00+00:00,3891.60009765625,3892.699951171875,3886.60009765625,3889.199951171875
2025-10-02 05:00:00+00:00,3889.300048828125,3896.5,3889.300048828125,3892.89990234375
2025-10-02 06:00:00+00:00,3893.0,3899.300048828125,3886.800048828125,3889.0
2025-10-02 07:00:00+00:00,3888.89990234375,3899.60009765625,3886.89990234375,3894.0
2025-10-02 08:00:00+00:00,3893.60009765625,3903.60009765625,3889.699951171875,3899.300048828125
2025-10-02 09:00:00+00:00,3899.39990234375,3905.10009765625,3898.10009765625,3904.300048828125
2025-10-02 10:00:00+00:00,3904.39990234375,3908.60009765625,3901.199951171875,3906.60009765625
2025-10-02 11:00:00+00:00,3906.699951171875,3911.699951171875,3904.5,3911.199951171875
2025-10-02 12:00:00+00:00,3911.300048828125,3917.5,3905.10009765625,3910.10009765625
2025-10-02 13:00:00+00:00,3909.89990234375,3923.300048828125,3898.10009765625,3899.699951171875
2025-10-02 14:00:00+00:00,3900.0,3901.5,3849.10009765625,3863.800048828125
2025-10-02 15:00:00+00:00,3863.699951171875,3869.0,3842.800048828125,3851.800048828125
2025-10-02 16:00:00+00:00,3851.699951171875,3869.199951171875,3850.699951171875,3868.60009765625
2025-10-02 17:00:00+00:00,3868.60009765625,3871.800048828125,3864.699951171875,3868.60009765625
2025-10-02 18:00:00+00:00,3868.5,3876.5,3867.800048828125,3875.199951171875
2025-10-02 19:00:00+00:00,3875.199951171875,3883.39990234375,3874.800048828125,3880.10009765625
2025-10-02 20:00:00+00:00,3880.300048828125,3884.5,3878.0,3880.800048828125
2025-10-02 22:00:00+00:00,3880.39990234375,3882.89990234375,3876.0,3881.199951171875
2025-10-02 23:00:00+00:00,3881.199951171875,3888.10009765625,3880.60009765625,3886.800048828125
2025-10-03 00:00:00+00:00,3886.60009765625,3887.199951171875,3880.199951171875,3880.699951171875
2025-10-03 01:00:00+00:00,3880.89990234375,3886.5,3870.89990234375,3882.199951171875
2025-10-03 02:00:00+00:00,3882.300048828125,3882.89990234375,3871.0,3871.89990234375
2025-10-03 03:00:00+00:00,3871.5,3874.60009765625,3861.10009765625,3865.800048828125
2025-10-03 04:00:00+00:00,3865.699951171875,3871.300048828125,3864.60009765625,3867.199951171875
2025-10-03 05:00:00+00:00,3867.10009765625,3882.39990234375,3867.0,3878.300048828125
2025-10-03 06:00:00+00:00,3878.199951171875,3884.199951171875,3874.199951171875,3882.0
2025-10-03 07:00:00+00:00,3882.199951171875,3888.699951171875,3880.0,3887.300048828125
2025-10-03 08:00:00+00:00,3887.5,3889.0,3883.39990234375,3888.300048828125
2025-10-03 09:00:00+00:00,3888.199951171875,3888.39990234375,3880.199951171875,3887.699951171875
2025-10-03 10:00:00+00:00,3887.800048828125,3891.5,3885.300048828125,3888.89990234375
2025-10-03 11:00:00+00:00,3888.89990234375,3890.300048828125,3877.60009765625,3885.300048828125
2025-10-03 12:00:00+00:00,3885.39990234375,3899.5,3883.699951171875,3898.39990234375
2025-10-03 13:00:00+00:00,3898.39990234375,3915.60009765625,3894.5,3907.300048828125
2025-10-03 14:00:00+00:00,3907.39990234375,3912.5,3890.699951171875,3904.300048828125
2025-10-03 15:00:00+00:00,3904.39990234375,3916.800048828125,3898.5,3914.39990234375
2025-10-03 16:00:00+00:00,3914.5,3914.800048828125,3905.39990234375,3908.89990234375
2025-10-03 17:00:00+00:00,3908.800048828125,3911.39990234375,3901.699951171875,3906.60009765625
2025-10-03 18:00:00+00:00,3906.89990234375,3914.800048828125,3905.199951171875,3911.800048828125
2025-10-03 19:00:00+00:00,3911.89990234375,3914.60009765625,3909.300048828125,3910.89990234375
2025-10-03 20:00:00+00:00,3910.89990234375,3912.699951171875,3908.5,3908.89990234375
2025-10-05 22:00:00+00:00,3911.199951171875,3930.300048828125,3908.89990234375,3927.300048828125
2025-10-05 23:00:00+00:00,3927.60009765625,3945.199951171875,3925.0,3935.300048828125
2025-10-06 00:00:00+00:00,3935.39990234375,3935.89990234375,3924.300048828125,3926.10009765625
2025-10-06 01:00:00+00:00,3926.5,3943.39990234375,3925.5,3943.300048828125
2025-10-06 02:00:00+00:00,3943.300048828125,3950.0,3942.699951171875,3946.10009765625
2025-10-06 03:00:00+00:00,3945.800048828125,3956.800048828125,3944.89990234375,3954.300048828125
2025-10-06 04:00:00+00:00,3954.60009765625,3964.5,3953.300048828125,3963.199951171875
2025-10-06 05:00:00+00:00,3962.89990234375,3969.0,3951.699951171875,3957.39990234375
2025-10-06 06:00:00+00:00,3957.5,3959.0,3947.39990234375,3958.5
2025-10-06 07:00:00+00:00,3958.300048828125,3968.0,3953.39990234375,3965.699951171875
2025-10-06 08:00:00+00:00,3965.800048828125,3973.699951171875,3959.300048828125,3966.699951171875
2025-10-06 09:00:00+00:00,3966.89990234375,3969.300048828125,3960.60009765625,3966.5
2025-10-06 10:00:00+00:00,3966.699951171875,3971.10009765625,3956.0,3966.60009765625
2025-10-06 11:00:00+00:00,3966.39990234375,3967.300048828125,3954.699951171875,3962.39990234375
2025-10-06 12:00:00+00:00,3962.199951171875,3966.10009765625,3950.0,3957.60009765625
2025-10-06 13:00:00+00:00,3957.800048828125,3971.10009765625,3950.60009765625,3968.60009765625
2025-10-06 14:00:00+00:00,3968.5,3983.0,3963.800048828125,3978.300048828125
2025-10-06 15:00:00+00:00,3978.0,3988.199951171875,3972.0,3986.39990234375
2025-10-06 16:00:00+00:00,3986.39990234375,3994.5,3969.5,3978.10009765625
2025-10-06 17:00:00+00:00,3978.300048828125,3983.300048828125,3975.199951171875,3982.5
2025-10-06 18:00:00+00:00,3982.60009765625,3985.5,3980.60009765625,3983.0
2025-10-06 19:00:00+00:00,3982.89990234375,3989.699951171875,3981.89990234375,3983.199951171875
2025-10-06 20:00:00+00:00,3983.199951171875,3986.199951171875,3981.0,3984.39990234375
2025-10-07 07:00:00+00:00,3974.39990234375,3979.39990234375,3965.800048828125,3968.60009765625
2025-10-07 08:00:00+00:00,3968.60009765625,3976.699951171875,3963.39990234375,3974.10009765625
2025-10-07 09:00:00+00:00,3974.0,3986.60009765625,3973.89990234375,3977.699951171875
2025-10-07 10:00:00+00:00,3977.5,3985.89990234375,3976.39990234375,3983.10009765625
2025-10-07 11:00:00+00:00,3983.199951171875,3992.10009765625,3979.199951171875,3989.800048828125
2025-10-07 12:00:00+00:00,3989.699951171875,4003.699951171875,3986.60009765625,4002.89990234375
2025-10-07 13:00:00+00:00,4002.60009765625,4009.0,3993.300048828125,4002.39990234375
2025-10-07 14:00:00+00:00,4002.300048828125,4010.10009765625,3991.199951171875,4009.0
2025-10-07 15:00:00+00:00,4009.199951171875,4014.60009765625,3983.39990234375,3988.699951171875
2025-10-07 16:00:00+00:00,3989.0,4002.5,3985.300048828125,3999.89990234375
2025-10-07 17:00:00+00:00,3999.89990234375,4011.10009765625,3999.39990234375,4003.89990234375
2025-10-07 18:00:00+00:00,4003.89990234375,4006.699951171875,3996.699951171875,4003.800048828125
2025-10-07 19:00:00+00:00,4003.800048828125,4006.10009765625,4001.199951171875,4002.5
2025-10-07 20:00:00+00:00,4002.699951171875,4009.39990234375,4002.699951171875,4007.89990234375
2025-10-07 22:00:00+00:00,4007.10009765625,4013.199951171875,4005.60009765625,4012.300048828125
2025-10-07 23:00:00+00:00,4012.39990234375,4018.0,4011.0,4016.199951171875
2025-10-08 00:00:00+00:00,4016.300048828125,4020.89990234375,4011.0,4014.0
2025-10-08 01:00:00+00:00,4014.0,4023.60009765625,4006.699951171875,4023.39990234375
2025-10-08 02:00:00+00:00,4023.199951171875,4034.0,4018.10009765625,4033.89990234375
2025-10-08 03:00:00+00:00,4033.89990234375,4038.699951171875,4031.39990234375,4036.60009765625
2025-10-08 04:00:00+00:00,4037.10009765625,4049.89990234375,4037.10009765625,4049.0
2025-10-08 05:00:00+00:00,4049.0,4059.300048828125,4046.699951171875,4051.89990234375
2025-10-08 06:00:00+00:00,4052.0,4055.199951171875,4043.5,4053.699951171875
2025-10-08 07:00:00+00:00,4053.699951171875,4061.199951171875,4052.300048828125,4056.5
2025-10-08 08:00:00+00:00,4056.39990234375,4063.39990234375,4055.39990234375,4058.39990234375
2025-10-08 09:00:00+00:00,4058.199951171875,4071.5,4055.0,4070.89990234375
2025-10-08 10:00:00+00:00,4070.89990234375,4071.5,4055.699951171875,4059.10009765625
2025-10-08 11:00:00+00:00,4059.199951171875,4060.199951171875,4053.60009765625,4060.0
2025-10-08 12:00:00+00:00,4060.10009765625,4068.800048828125,4052.5,4062.10009765625
2025-10-08 13:00:00+00:00,4062.10009765625,4072.0,4047.5,4059.800048828125
2025-10-08 14:00:00+00:00,4059.699951171875,4070.800048828125,4057.300048828125,4069.699951171875
2025-10-08 15:00:00+00:00,4069.699951171875,4072.39990234375,4058.10009765625,4067.199951171875
2025-10-08 16:00:00+00:00,4067.300048828125,4081.0,4065.39990234375,4078.39990234375
2025-10-08 17:00:00+00:00,4078.60009765625,4080.0,4063.699951171875,4072.5
2025-10-08 18:00:00+00:00,4072.0,4074.5,4059.5,4070.5
2025-10-08 19:00:00+00:00,4070.60009765625,4075.60009765625,4052.5,4064.199951171875
2025-10-08 20:00:00+00:00,4064.300048828125,4067.0,4058.699951171875,4060.60009765625
2025-10-08 22:00:00+00:00,4061.800048828125,4064.60009765625,4033.199951171875,4039.89990234375
2025-10-08 23:00:00+00:00,4040.0,4041.300048828125,4019.199951171875,4030.10009765625
2025-10-09 00:00:00+00:00,4030.0,4047.60009765625,4027.300048828125,4042.199951171875
2025-10-09 01:00:00+00:00,4042.39990234375,4057.0,4027.699951171875,4040.39990234375
2025-10-09 02:00:00+00:00,4040.5,4041.60009765625,4022.39990234375,4038.39990234375
2025-10-09 03:00:00+00:00,4038.5,4049.0,4036.5,4045.0
2025-10-09 04:00:00+00:00,4046.10009765625,4059.800048828125,4046.10009765625,4057.5
2025-10-09 05:00:00+00:00,4057.5,4062.10009765625,4053.199951171875,4058.199951171875
2025-10-09 06:00:00+00:00,4058.5,4059.60009765625,4041.10009765625,4044.800048828125
2025-10-09 07:00:00+00:00,4044.800048828125,4052.199951171875,4044.0,4051.199951171875
2025-10-09 08:00:00+00:00,4051.0,4060.0,4049.800048828125,4057.800048828125
2025-10-09 09:00:00+00:00,4058.0,4062.10009765625,4053.5,4057.199951171875
2025-10-09 10:00:00+00:00,4057.39990234375,4064.10009765625,4055.699951171875,4064.10009765625
2025-10-09 11:00:00+00:00,4064.0,4066.89990234375,4052.800048828125,4063.699951171875
2025-10-09 12:00:00+00:00,4063.699951171875,4073.5,4056.300048828125,4072.89990234375
2025-10-09 13:00:00+00:00,4072.800048828125,4077.89990234375,4033.800048828125,4034.60009765625
2025-10-09 14:00:00+00:00,4034.39990234375,4046.199951171875,4018.10009765625,4039.5
2025-10-09 15:00:00+00:00,4038.89990234375,4044.199951171875,4021.300048828125,4029.60009765625
2025-10-09 16:00:00+00:00,4029.5,4037.89990234375,3976.89990234375,3982.39990234375
2025-10-09 17:00:00+00:00,3982.199951171875,3987.699951171875,3957.89990234375,3963.39990234375
2025-10-09 18:00:00+00:00,3963.10009765625,3981.699951171875,3962.5,3971.300048828125
2025-10-09 19:00:00+00:00,3971.39990234375,3996.5,3969.0,3988.300048828125
2025-10-09 20:00:00+00:00,3988.300048828125,3994.199951171875,3987.60009765625,3991.10009765625
2025-10-09 22:00:00+00:00,3990.10009765625,3996.39990234375,3973.0,3990.699951171875
2025-10-09 23:00:00+00:00,3991.10009765625,4007.60009765625,3989.39990234375,4006.60009765625
2025-10-10 00:00:00+00:00,4006.60009765625,4009.699951171875,4002.5,4005.10009765625
2025-10-10 01:00:00+00:00,4005.39990234375,4007.0,3984.0,3987.89990234375
2025-10-10 02:00:00+00:00,3988.0,4002.39990234375,3987.89990234375,3992.60009765625
2025-10-10 03:00:00+00:00,3992.60009765625,3993.10009765625,3975.0,3979.10009765625
2025-10-10 04:00:00+00:00,3976.800048828125,3980.699951171875,3961.199951171875,3979.800048828125
2025-10-10 05:00:00+00:00,3979.800048828125,3991.60009765625,3979.0,3990.199951171875
2025-10-10 06:00:00+00:00,3990.10009765625,3991.699951171875,3977.699951171875,3983.0
2025-10-10 07:00:00+00:00,3983.199951171875,3989.0,3966.300048828125,3985.10009765625
2025-10-10 08:00:00+00:00,3985.0,4006.0,3982.800048828125,4005.10009765625
2025-10-10 09:00:00+00:00,4005.0,4020.5,4003.10009765625,4010.0
2025-10-10 10:00:00+00:00,4009.800048828125,4015.10009765625,4006.0,4008.10009765625
2025-10-10 11:00:00+00:00,4008.10009765625,4014.800048828125,3998.800048828125,4002.300048828125
2025-10-10 12:00:00+00:00,4002.39990234375,4010.5,3995.60009765625,4002.0
2025-10-10 13:00:00+00:00,4001.89990234375,4015.0,3990.300048828125,3996.10009765625
2025-10-10 14:00:00+00:00,3995.5,4010.0,3986.699951171875,4005.699951171875
2025-10-10 15:00:00+00:00,4005.699951171875,4038.60009765625,4003.300048828125,4013.39990234375
2025-10-10 16:00:00+00:00,4013.5,4014.39990234375,3990.89990234375,3997.5
2025-10-10 17:00:00+00:00,3997.699951171875,4009.5,3988.39990234375,4004.89990234375
2025-10-10 18:00:00+00:00,4005.0,4024.199951171875,3998.699951171875,4014.89990234375
2025-10-10 19:00:00+00:00,4014.89990234375,4038.0,4010.5,4028.10009765625
2025-10-10 20:00:00+00:00,4028.0,4038.5,4000.39990234375,4000.39990234375
2025-10-12 22:00:00+00:00,4018.300048828125,4061.800048828125,4000.39990234375,4059.0
2025-10-12 23:00:00+00:00,4058.800048828125,4078.10009765625,4050.39990234375,4053.10009765625
2025-10-13 00:00:00+00:00,4053.0,4079.300048828125,4042.10009765625,4061.5
2025-10-13 01:00:00+00:00,4062.0,4074.0,4053.39990234375,4072.0
2025-10-13 02:00:00+00:00,4071.89990234375,4074.800048828125,4059.699951171875,4066.10009765625
2025-10-13 03:00:00+00:00,4066.39990234375,4074.800048828125,4064.300048828125,4070.199951171875
2025-10-13 04:00:00+00:00,4069.800048828125,4076.39990234375,4068.89990234375,4073.60009765625
2025-10-13 05:00:00+00:00,4073.5,4096.5,4071.800048828125,4082.60009765625
2025-10-13 06:00:00+00:00,4082.60009765625,4092.60009765625,4078.89990234375,4088.699951171875
2025-10-13 07:00:00+00:00,4088.60009765625,4096.7001953125,4085.800048828125,4089.699951171875
2025-10-13 08:00:00+00:00,4089.60009765625,4098.5,4087.39990234375,4097.0
2025-10-13 09:00:00+00:00,4097.0,4099.60009765625,4090.5,4097.0
2025-10-13 10:00:00+00:00,4097.10009765625,4104.2998046875,4090.60009765625,4099.60009765625
2025-10-13 11:00:00+00:00,4099.5,4103.10009765625,4092.699951171875,4093.199951171875
2025-10-13 12:00:00+00:00,4093.199951171875,4105.60009765625,4092.300048828125,4099.2998046875
2025-10-13 13:00:00+00:00,4099.5,4115.7998046875,4097.39990234375,4113.7998046875
2025-10-13 14:00:00+00:00,4113.60009765625,4124.2998046875,4110.10009765625,4117.60009765625
2025-10-13 15:00:00+00:00,4117.60009765625,4127.5,4111.5,4124.7998046875
2025-10-13 16:00:00+00:00,4124.7998046875,4137.2001953125,4123.5,4125.2998046875
2025-10-13 17:00:00+00:00,4125.39990234375,4135.89990234375,4119.7998046875,4123.39990234375
2025-10-13 18:00:00+00:00,4123.2998046875,4127.5,4119.2998046875,4121.7998046875
2025-10-13 19:00:00+00:00,4121.7001953125,4130.0,4110.2998046875,4127.2998046875
2025-10-13 20:00:00+00:00,4127.2998046875,4132.5,4124.7998046875,4130.0
2025-10-13 22:00:00+00:00,4130.89990234375,4135.10009765625,4125.89990234375,4134.2001953125
2025-10-13 23:00:00+00:00,4134.2001953125,4150.0,4132.39990234375,4145.89990234375
2025-10-14 00:00:00+00:00,4145.7001953125,4148.39990234375,4137.0,4142.2001953125
2025-10-14 01:00:00+00:00,4142.10009765625,4168.39990234375,4140.7001953125,4154.10009765625
2025-10-14 02:00:00+00:00,4154.10009765625,4167.39990234375,4153.7001953125,4162.60009765625
2025-10-14 03:00:00+00:00,4162.0,4178.60009765625,4161.7001953125,4175.2998046875
2025-10-14 04:00:00+00:00,4175.60009765625,4182.7001953125,4168.5,4181.0
2025-10-14 05:00:00+00:00,4180.7998046875,4190.89990234375,4124.2998046875,4135.2998046875
2025-10-14 06:00:00+00:00,4135.2998046875,4147.2001953125,4105.0,4127.2998046875
2025-10-14 07:00:00+00:00,4127.10009765625,4138.7998046875,4116.5,4136.2998046875
